{
  "pipeline": "Molecular Structural Classification",
  "dataset": "QM9",
  "n_molecules": 133885,
  "soap": {
    "n_max": 8,
    "l_max": 8,
    "r_cut": 6.0,
    "sigma": 1.0,
    "species": [
      "C",
      "H",
      "O",
      "N",
      "F"
    ],
    "average": "inner",
    "n_features": 7380
  },
  "pca": {
    "n_components": 103,
    "variance_retained": 0.9501281873302119
  },
  "anomaly": {
    "if_anomalies": 6695,
    "ocsvm_anomalies": 7033,
    "consensus_anomalies": 5220,
    "clean_samples": 128665
  },
  "clustering": {
    "best_k": 3,
    "k_values": [
      3,
      5,
      8,
      10,
      15,
      20,
      30
    ],
    "silhouette": [
      0.15201903879642487,
      0.06367279589176178,
      0.04059145972132683,
      0.04163028672337532,
      0.05506046116352081,
      0.03178846091032028,
      0.0318470373749733
    ],
    "dbi": [
      2.4354965780984545,
      2.228963057699943,
      2.509945071458145,
      2.3876519587265306,
      2.4440763215649266,
      2.4872632133870662,
      2.4561809336138407
    ],
    "inertia": [
      393735680.0,
      353888576.0,
      328527936.0,
      312720768.0,
      293923264.0,
      279677216.0,
      260645984.0
    ]
  }
}